Names,Links
Sprigatito,https://www.serebii.net/pokedex-sv/sprigatito/
Floragato,https://www.serebii.net/pokedex-sv/floragato/
Meowscarada,https://www.serebii.net/pokedex-sv/meowscarada/
Fuecoco,https://www.serebii.net/pokedex-sv/fuecoco/
Crocalor,https://www.serebii.net/pokedex-sv/crocalor/
Skeledirge,https://www.serebii.net/pokedex-sv/skeledirge/
Quaxly,https://www.serebii.net/pokedex-sv/quaxly/
Quaxwell,https://www.serebii.net/pokedex-sv/quaxwell/
Quaquaval,https://www.serebii.net/pokedex-sv/quaquaval/
Lechonk,https://www.serebii.net/pokedex-sv/lechonk/
Oinkologne,https://www.serebii.net/pokedex-sv/oinkologne/
Tarountula,https://www.serebii.net/pokedex-sv/tarountula/
Spidops,https://www.serebii.net/pokedex-sv/spidops/
Nymble,https://www.serebii.net/pokedex-sv/nymble/
Lokix,https://www.serebii.net/pokedex-sv/lokix/
Hoppip,https://www.serebii.net/pokedex-sv/hoppip/
Skiploom,https://www.serebii.net/pokedex-sv/skiploom/
Jumpluff,https://www.serebii.net/pokedex-sv/jumpluff/
Fletchling,https://www.serebii.net/pokedex-sv/fletchling/
Fletchinder,https://www.serebii.net/pokedex-sv/fletchinder/
Talonflame,https://www.serebii.net/pokedex-sv/talonflame/
Pawmi,https://www.serebii.net/pokedex-sv/pawmi/
Pawmo,https://www.serebii.net/pokedex-sv/pawmo/
Pawmot,https://www.serebii.net/pokedex-sv/pawmot/
Houndour,https://www.serebii.net/pokedex-sv/houndour/
Houndoom,https://www.serebii.net/pokedex-sv/houndoom/
Yungoos,https://www.serebii.net/pokedex-sv/yungoos/
Gumshoos,https://www.serebii.net/pokedex-sv/gumshoos/
Skwovet,https://www.serebii.net/pokedex-sv/skwovet/
Greedent,https://www.serebii.net/pokedex-sv/greedent/
Sunkern,https://www.serebii.net/pokedex-sv/sunkern/
Sunflora,https://www.serebii.net/pokedex-sv/sunflora/
Kricketot,https://www.serebii.net/pokedex-sv/kricketot/
Kricketune,https://www.serebii.net/pokedex-sv/kricketune/
Scatterbug,https://www.serebii.net/pokedex-sv/scatterbug/
Spewpa,https://www.serebii.net/pokedex-sv/spewpa/
Vivillon,https://www.serebii.net/pokedex-sv/vivillon/
Combee,https://www.serebii.net/pokedex-sv/combee/
Vespiquen,https://www.serebii.net/pokedex-sv/vespiquen/
Rookidee,https://www.serebii.net/pokedex-sv/rookidee/
Corvisquire,https://www.serebii.net/pokedex-sv/corvisquire/
Corviknight,https://www.serebii.net/pokedex-sv/corviknight/
Happiny,https://www.serebii.net/pokedex-sv/happiny/
Chansey,https://www.serebii.net/pokedex-sv/chansey/
Blissey,https://www.serebii.net/pokedex-sv/blissey/
Azurill,https://www.serebii.net/pokedex-sv/azurill/
Marill,https://www.serebii.net/pokedex-sv/marill/
Azumarill,https://www.serebii.net/pokedex-sv/azumarill/
Surskit,https://www.serebii.net/pokedex-sv/surskit/
Masquerain,https://www.serebii.net/pokedex-sv/masquerain/
Buizel,https://www.serebii.net/pokedex-sv/buizel/
Floatzel,https://www.serebii.net/pokedex-sv/floatzel/
Wooper,https://www.serebii.net/pokedex-sv/wooper/
Clodsire,https://www.serebii.net/pokedex-sv/clodsire/
Psyduck,https://www.serebii.net/pokedex-sv/psyduck/
Golduck,https://www.serebii.net/pokedex-sv/golduck/
Chewtle,https://www.serebii.net/pokedex-sv/chewtle/
Drednaw,https://www.serebii.net/pokedex-sv/drednaw/
Igglybuff,https://www.serebii.net/pokedex-sv/igglybuff/
Jigglypuff,https://www.serebii.net/pokedex-sv/jigglypuff/
Wigglytuff,https://www.serebii.net/pokedex-sv/wigglytuff/
Ralts,https://www.serebii.net/pokedex-sv/ralts/
Kirlia,https://www.serebii.net/pokedex-sv/kirlia/
Gardevoir,https://www.serebii.net/pokedex-sv/gardevoir/
Gallade,https://www.serebii.net/pokedex-sv/gallade/
Drowzee,https://www.serebii.net/pokedex-sv/drowzee/
Hypno,https://www.serebii.net/pokedex-sv/hypno/
Gastly,https://www.serebii.net/pokedex-sv/gastly/
Haunter,https://www.serebii.net/pokedex-sv/haunter/
Gengar,https://www.serebii.net/pokedex-sv/gengar/
Tandemaus,https://www.serebii.net/pokedex-sv/tandemaus/
Maushold,https://www.serebii.net/pokedex-sv/maushold/
Pichu,https://www.serebii.net/pokedex-sv/pichu/
Pikachu,https://www.serebii.net/pokedex-sv/pikachu/
Raichu,https://www.serebii.net/pokedex-sv/raichu/
Fidough,https://www.serebii.net/pokedex-sv/fidough/
Dachsbun,https://www.serebii.net/pokedex-sv/dachsbun/
Slakoth,https://www.serebii.net/pokedex-sv/slakoth/
Vigoroth,https://www.serebii.net/pokedex-sv/vigoroth/
Slaking,https://www.serebii.net/pokedex-sv/slaking/
Bounsweet,https://www.serebii.net/pokedex-sv/bounsweet/
Steenee,https://www.serebii.net/pokedex-sv/steenee/
Tsareena,https://www.serebii.net/pokedex-sv/tsareena/
Smoliv,https://www.serebii.net/pokedex-sv/smoliv/
Dolliv,https://www.serebii.net/pokedex-sv/dolliv/
Arboliva,https://www.serebii.net/pokedex-sv/arboliva/
Bonsly,https://www.serebii.net/pokedex-sv/bonsly/
Sudowoodo,https://www.serebii.net/pokedex-sv/sudowoodo/
Rockruff,https://www.serebii.net/pokedex-sv/rockruff/
Lycanroc,https://www.serebii.net/pokedex-sv/lycanroc/
Rolycoly,https://www.serebii.net/pokedex-sv/rolycoly/
Carkol,https://www.serebii.net/pokedex-sv/carkol/
Coalossal,https://www.serebii.net/pokedex-sv/coalossal/
Shinx,https://www.serebii.net/pokedex-sv/shinx/
Luxio,https://www.serebii.net/pokedex-sv/luxio/
Luxray,https://www.serebii.net/pokedex-sv/luxray/
Starly,https://www.serebii.net/pokedex-sv/starly/
Staravia,https://www.serebii.net/pokedex-sv/staravia/
Staraptor,https://www.serebii.net/pokedex-sv/staraptor/
Oricorio,https://www.serebii.net/pokedex-sv/oricorio/
Mareep,https://www.serebii.net/pokedex-sv/mareep/
Flaaffy,https://www.serebii.net/pokedex-sv/flaaffy/
Ampharos,https://www.serebii.net/pokedex-sv/ampharos/
Petilil,https://www.serebii.net/pokedex-sv/petilil/
Lilligant,https://www.serebii.net/pokedex-sv/lilligant/
Shroomish,https://www.serebii.net/pokedex-sv/shroomish/
Breloom,https://www.serebii.net/pokedex-sv/breloom/
Applin,https://www.serebii.net/pokedex-sv/applin/
Flapple,https://www.serebii.net/pokedex-sv/flapple/
Appletun,https://www.serebii.net/pokedex-sv/appletun/
Spoink,https://www.serebii.net/pokedex-sv/spoink/
Grumpig,https://www.serebii.net/pokedex-sv/grumpig/
Squawkabilly,https://www.serebii.net/pokedex-sv/squawkabilly/
Misdreavus,https://www.serebii.net/pokedex-sv/misdreavus/
Mismagius,https://www.serebii.net/pokedex-sv/mismagius/
Makuhita,https://www.serebii.net/pokedex-sv/makuhita/
Hariyama,https://www.serebii.net/pokedex-sv/hariyama/
Crabrawler,https://www.serebii.net/pokedex-sv/crabrawler/
Crabominable,https://www.serebii.net/pokedex-sv/crabominable/
Salandit,https://www.serebii.net/pokedex-sv/salandit/
Salazzle,https://www.serebii.net/pokedex-sv/salazzle/
Phanpy,https://www.serebii.net/pokedex-sv/phanpy/
Donphan,https://www.serebii.net/pokedex-sv/donphan/
Cufant,https://www.serebii.net/pokedex-sv/cufant/
Copperajah,https://www.serebii.net/pokedex-sv/copperajah/
Gible,https://www.serebii.net/pokedex-sv/gible/
Gabite,https://www.serebii.net/pokedex-sv/gabite/
Garchomp,https://www.serebii.net/pokedex-sv/garchomp/
Nacli,https://www.serebii.net/pokedex-sv/nacli/
Naclstack,https://www.serebii.net/pokedex-sv/naclstack/
Garganacl,https://www.serebii.net/pokedex-sv/garganacl/
Wingull,https://www.serebii.net/pokedex-sv/wingull/
Pelipper,https://www.serebii.net/pokedex-sv/pelipper/
Magikarp,https://www.serebii.net/pokedex-sv/magikarp/
Gyarados,https://www.serebii.net/pokedex-sv/gyarados/
Arrokuda,https://www.serebii.net/pokedex-sv/arrokuda/
Barraskewda,https://www.serebii.net/pokedex-sv/barraskewda/
Basculin,https://www.serebii.net/pokedex-sv/basculin/
Gulpin,https://www.serebii.net/pokedex-sv/gulpin/
Swalot,https://www.serebii.net/pokedex-sv/swalot/
Meowth,https://www.serebii.net/pokedex-sv/meowth/
Persian,https://www.serebii.net/pokedex-sv/persian/
Drifloon,https://www.serebii.net/pokedex-sv/drifloon/
Drifblim,https://www.serebii.net/pokedex-sv/drifblim/
Flabébé,https://www.serebii.net/pokedex-sv/flabebe/
Floette,https://www.serebii.net/pokedex-sv/floette/
Florges,https://www.serebii.net/pokedex-sv/florges/
Diglett,https://www.serebii.net/pokedex-sv/diglett/
Dugtrio,https://www.serebii.net/pokedex-sv/dugtrio/
Torkoal,https://www.serebii.net/pokedex-sv/torkoal/
Numel,https://www.serebii.net/pokedex-sv/numel/
Camerupt,https://www.serebii.net/pokedex-sv/camerupt/
Bronzor,https://www.serebii.net/pokedex-sv/bronzor/
Bronzong,https://www.serebii.net/pokedex-sv/bronzong/
Axew,https://www.serebii.net/pokedex-sv/axew/
Fraxure,https://www.serebii.net/pokedex-sv/fraxure/
Haxorus,https://www.serebii.net/pokedex-sv/haxorus/
Mankey,https://www.serebii.net/pokedex-sv/mankey/
Primeape,https://www.serebii.net/pokedex-sv/primeape/
Annihilape,https://www.serebii.net/pokedex-sv/annihilape/
Meditite,https://www.serebii.net/pokedex-sv/meditite/
Medicham,https://www.serebii.net/pokedex-sv/medicham/
Riolu,https://www.serebii.net/pokedex-sv/riolu/
Lucario,https://www.serebii.net/pokedex-sv/lucario/
Charcadet,https://www.serebii.net/pokedex-sv/charcadet/
Armarouge,https://www.serebii.net/pokedex-sv/armarouge/
Ceruledge,https://www.serebii.net/pokedex-sv/ceruledge/
Barboach,https://www.serebii.net/pokedex-sv/barboach/
Whiscash,https://www.serebii.net/pokedex-sv/whiscash/
Tadbulb,https://www.serebii.net/pokedex-sv/tadbulb/
Bellibolt,https://www.serebii.net/pokedex-sv/bellibolt/
Goomy,https://www.serebii.net/pokedex-sv/goomy/
Sliggoo,https://www.serebii.net/pokedex-sv/sliggoo/
Goodra,https://www.serebii.net/pokedex-sv/goodra/
Croagunk,https://www.serebii.net/pokedex-sv/croagunk/
Toxicroak,https://www.serebii.net/pokedex-sv/toxicroak/
Wattrel,https://www.serebii.net/pokedex-sv/wattrel/
Kilowattrel,https://www.serebii.net/pokedex-sv/kilowattrel/
Eevee,https://www.serebii.net/pokedex-sv/eevee/
Vaporeon,https://www.serebii.net/pokedex-sv/vaporeon/
Jolteon,https://www.serebii.net/pokedex-sv/jolteon/
Flareon,https://www.serebii.net/pokedex-sv/flareon/
Espeon,https://www.serebii.net/pokedex-sv/espeon/
Umbreon,https://www.serebii.net/pokedex-sv/umbreon/
Leafeon,https://www.serebii.net/pokedex-sv/leafeon/
Glaceon,https://www.serebii.net/pokedex-sv/glaceon/
Sylveon,https://www.serebii.net/pokedex-sv/sylveon/
Dunsparce,https://www.serebii.net/pokedex-sv/dunsparce/
Dudunsparce,https://www.serebii.net/pokedex-sv/dudunsparce/
Deerling,https://www.serebii.net/pokedex-sv/deerling/
Sawsbuck,https://www.serebii.net/pokedex-sv/sawsbuck/
Girafarig,https://www.serebii.net/pokedex-sv/girafarig/
Farigiraf,https://www.serebii.net/pokedex-sv/farigiraf/
Grimer,https://www.serebii.net/pokedex-sv/grimer/
Muk,https://www.serebii.net/pokedex-sv/muk/
Maschiff,https://www.serebii.net/pokedex-sv/maschiff/
Mabosstiff,https://www.serebii.net/pokedex-sv/mabosstiff/
Toxel,https://www.serebii.net/pokedex-sv/toxel/
Toxtricity,https://www.serebii.net/pokedex-sv/toxtricity/
Dedenne,https://www.serebii.net/pokedex-sv/dedenne/
Pachirisu,https://www.serebii.net/pokedex-sv/pachirisu/
Shroodle,https://www.serebii.net/pokedex-sv/shroodle/
Grafaiai,https://www.serebii.net/pokedex-sv/grafaiai/
Stantler,https://www.serebii.net/pokedex-sv/stantler/
Foongus,https://www.serebii.net/pokedex-sv/foongus/
Amoonguss,https://www.serebii.net/pokedex-sv/amoonguss/
Voltorb,https://www.serebii.net/pokedex-sv/voltorb/
Electrode,https://www.serebii.net/pokedex-sv/electrode/
Magnemite,https://www.serebii.net/pokedex-sv/magnemite/
Magneton,https://www.serebii.net/pokedex-sv/magneton/
Magnezone,https://www.serebii.net/pokedex-sv/magnezone/
Ditto,https://www.serebii.net/pokedex-sv/ditto/
Growlithe,https://www.serebii.net/pokedex-sv/growlithe/
Arcanine,https://www.serebii.net/pokedex-sv/arcanine/
Teddiursa,https://www.serebii.net/pokedex-sv/teddiursa/
Ursaring,https://www.serebii.net/pokedex-sv/ursaring/
Zangoose,https://www.serebii.net/pokedex-sv/zangoose/
Seviper,https://www.serebii.net/pokedex-sv/seviper/
Swablu,https://www.serebii.net/pokedex-sv/swablu/
Altaria,https://www.serebii.net/pokedex-sv/altaria/
Skiddo,https://www.serebii.net/pokedex-sv/skiddo/
Gogoat,https://www.serebii.net/pokedex-sv/gogoat/
Tauros,https://www.serebii.net/pokedex-sv/tauros/
Litleo,https://www.serebii.net/pokedex-sv/litleo/
Pyroar,https://www.serebii.net/pokedex-sv/pyroar/
Stunky,https://www.serebii.net/pokedex-sv/stunky/
Skuntank,https://www.serebii.net/pokedex-sv/skuntank/
Zorua,https://www.serebii.net/pokedex-sv/zorua/
Zoroark,https://www.serebii.net/pokedex-sv/zoroark/
Sneasel,https://www.serebii.net/pokedex-sv/sneasel/
Weavile,https://www.serebii.net/pokedex-sv/weavile/
Murkrow,https://www.serebii.net/pokedex-sv/murkrow/
Honchkrow,https://www.serebii.net/pokedex-sv/honchkrow/
Gothita,https://www.serebii.net/pokedex-sv/gothita/
Gothorita,https://www.serebii.net/pokedex-sv/gothorita/
Gothitelle,https://www.serebii.net/pokedex-sv/gothitelle/
Sinistea,https://www.serebii.net/pokedex-sv/sinistea/
Polteageist,https://www.serebii.net/pokedex-sv/polteageist/
Mimikyu,https://www.serebii.net/pokedex-sv/mimikyu/
Klefki,https://www.serebii.net/pokedex-sv/klefki/
Indeedee,https://www.serebii.net/pokedex-sv/indeedee/
Bramblin,https://www.serebii.net/pokedex-sv/bramblin/
Brambleghast,https://www.serebii.net/pokedex-sv/brambleghast/
Toedscool,https://www.serebii.net/pokedex-sv/toedscool/
Toedscruel,https://www.serebii.net/pokedex-sv/toedscruel/
Tropius,https://www.serebii.net/pokedex-sv/tropius/
Fomantis,https://www.serebii.net/pokedex-sv/fomantis/
Lurantis,https://www.serebii.net/pokedex-sv/lurantis/
Klawf,https://www.serebii.net/pokedex-sv/klawf/
Capsakid,https://www.serebii.net/pokedex-sv/capsakid/
Scovillain,https://www.serebii.net/pokedex-sv/scovillain/
Cacnea,https://www.serebii.net/pokedex-sv/cacnea/
Cacturne,https://www.serebii.net/pokedex-sv/cacturne/
Rellor,https://www.serebii.net/pokedex-sv/rellor/
Rabsca,https://www.serebii.net/pokedex-sv/rabsca/
Venonat,https://www.serebii.net/pokedex-sv/venonat/
Venomoth,https://www.serebii.net/pokedex-sv/venomoth/
Pineco,https://www.serebii.net/pokedex-sv/pineco/
Forretress,https://www.serebii.net/pokedex-sv/forretress/
Scyther,https://www.serebii.net/pokedex-sv/scyther/
Scizor,https://www.serebii.net/pokedex-sv/scizor/
Heracross,https://www.serebii.net/pokedex-sv/heracross/
Flittle,https://www.serebii.net/pokedex-sv/flittle/
Espathra,https://www.serebii.net/pokedex-sv/espathra/
Hippopotas,https://www.serebii.net/pokedex-sv/hippopotas/
Hippowdon,https://www.serebii.net/pokedex-sv/hippowdon/
Sandile,https://www.serebii.net/pokedex-sv/sandile/
Krokorok,https://www.serebii.net/pokedex-sv/krokorok/
Krookodile,https://www.serebii.net/pokedex-sv/krookodile/
Silicobra,https://www.serebii.net/pokedex-sv/silicobra/
Sandaconda,https://www.serebii.net/pokedex-sv/sandaconda/
Mudbray,https://www.serebii.net/pokedex-sv/mudbray/
Mudsdale,https://www.serebii.net/pokedex-sv/mudsdale/
Larvesta,https://www.serebii.net/pokedex-sv/larvesta/
Volcarona,https://www.serebii.net/pokedex-sv/volcarona/
Bagon,https://www.serebii.net/pokedex-sv/bagon/
Shelgon,https://www.serebii.net/pokedex-sv/shelgon/
Salamence,https://www.serebii.net/pokedex-sv/salamence/
Tinkatink,https://www.serebii.net/pokedex-sv/tinkatink/
Tinkatuff,https://www.serebii.net/pokedex-sv/tinkatuff/
Tinkaton,https://www.serebii.net/pokedex-sv/tinkaton/
Hatenna,https://www.serebii.net/pokedex-sv/hatenna/
Hattrem,https://www.serebii.net/pokedex-sv/hattrem/
Hatterene,https://www.serebii.net/pokedex-sv/hatterene/
Impidimp,https://www.serebii.net/pokedex-sv/impidimp/
Morgrem,https://www.serebii.net/pokedex-sv/morgrem/
Grimmsnarl,https://www.serebii.net/pokedex-sv/grimmsnarl/
Wiglett,https://www.serebii.net/pokedex-sv/wiglett/
Wugtrio,https://www.serebii.net/pokedex-sv/wugtrio/
Bombirdier,https://www.serebii.net/pokedex-sv/bombirdier/
Finizen,https://www.serebii.net/pokedex-sv/finizen/
Palafin,https://www.serebii.net/pokedex-sv/palafin/
Varoom,https://www.serebii.net/pokedex-sv/varoom/
Revavroom,https://www.serebii.net/pokedex-sv/revavroom/
Cyclizar,https://www.serebii.net/pokedex-sv/cyclizar/
Orthworm,https://www.serebii.net/pokedex-sv/orthworm/
Sableye,https://www.serebii.net/pokedex-sv/sableye/
Shuppet,https://www.serebii.net/pokedex-sv/shuppet/
Banette,https://www.serebii.net/pokedex-sv/banette/
Falinks,https://www.serebii.net/pokedex-sv/falinks/
Hawlucha,https://www.serebii.net/pokedex-sv/hawlucha/
Spiritomb,https://www.serebii.net/pokedex-sv/spiritomb/
Noibat,https://www.serebii.net/pokedex-sv/noibat/
Noivern,https://www.serebii.net/pokedex-sv/noivern/
Dreepy,https://www.serebii.net/pokedex-sv/dreepy/
Drakloak,https://www.serebii.net/pokedex-sv/drakloak/
Dragapult,https://www.serebii.net/pokedex-sv/dragapult/
Glimmet,https://www.serebii.net/pokedex-sv/glimmet/
Glimmora,https://www.serebii.net/pokedex-sv/glimmora/
Rotom,https://www.serebii.net/pokedex-sv/rotom/
Greavard,https://www.serebii.net/pokedex-sv/greavard/
Houndstone,https://www.serebii.net/pokedex-sv/houndstone/
Oranguru,https://www.serebii.net/pokedex-sv/oranguru/
Passimian,https://www.serebii.net/pokedex-sv/passimian/
Komala,https://www.serebii.net/pokedex-sv/komala/
Larvitar,https://www.serebii.net/pokedex-sv/larvitar/
Pupitar,https://www.serebii.net/pokedex-sv/pupitar/
Tyranitar,https://www.serebii.net/pokedex-sv/tyranitar/
Stonjourner,https://www.serebii.net/pokedex-sv/stonjourner/
Eiscue,https://www.serebii.net/pokedex-sv/eiscue/
Pincurchin,https://www.serebii.net/pokedex-sv/pincurchin/
Sandygast,https://www.serebii.net/pokedex-sv/sandygast/
Palossand,https://www.serebii.net/pokedex-sv/palossand/
Slowpoke,https://www.serebii.net/pokedex-sv/slowpoke/
Slowbro,https://www.serebii.net/pokedex-sv/slowbro/
Slowking,https://www.serebii.net/pokedex-sv/slowking/
Shellos,https://www.serebii.net/pokedex-sv/shellos/
Gastrodon,https://www.serebii.net/pokedex-sv/gastrodon/
Shellder,https://www.serebii.net/pokedex-sv/shellder/
Cloyster,https://www.serebii.net/pokedex-sv/cloyster/
Qwilfish,https://www.serebii.net/pokedex-sv/qwilfish/
Luvdisc,https://www.serebii.net/pokedex-sv/luvdisc/
Finneon,https://www.serebii.net/pokedex-sv/finneon/
Lumineon,https://www.serebii.net/pokedex-sv/lumineon/
Bruxish,https://www.serebii.net/pokedex-sv/bruxish/
Alomomola,https://www.serebii.net/pokedex-sv/alomomola/
Skrelp,https://www.serebii.net/pokedex-sv/skrelp/
Dragalge,https://www.serebii.net/pokedex-sv/dragalge/
Clauncher,https://www.serebii.net/pokedex-sv/clauncher/
Clawitzer,https://www.serebii.net/pokedex-sv/clawitzer/
Tynamo,https://www.serebii.net/pokedex-sv/tynamo/
Eelektrik,https://www.serebii.net/pokedex-sv/eelektrik/
Eelektross,https://www.serebii.net/pokedex-sv/eelektross/
Mareanie,https://www.serebii.net/pokedex-sv/mareanie/
Toxapex,https://www.serebii.net/pokedex-sv/toxapex/
Flamigo,https://www.serebii.net/pokedex-sv/flamigo/
Dratini,https://www.serebii.net/pokedex-sv/dratini/
Dragonair,https://www.serebii.net/pokedex-sv/dragonair/
Dragonite,https://www.serebii.net/pokedex-sv/dragonite/
Snom,https://www.serebii.net/pokedex-sv/snom/
Frosmoth,https://www.serebii.net/pokedex-sv/frosmoth/
Snover,https://www.serebii.net/pokedex-sv/snover/
Abomasnow,https://www.serebii.net/pokedex-sv/abomasnow/
Delibird,https://www.serebii.net/pokedex-sv/delibird/
Cubchoo,https://www.serebii.net/pokedex-sv/cubchoo/
Beartic,https://www.serebii.net/pokedex-sv/beartic/
Snorunt,https://www.serebii.net/pokedex-sv/snorunt/
Glalie,https://www.serebii.net/pokedex-sv/glalie/
Froslass,https://www.serebii.net/pokedex-sv/froslass/
Cryogonal,https://www.serebii.net/pokedex-sv/cryogonal/
Cetoddle,https://www.serebii.net/pokedex-sv/cetoddle/
Cetitan,https://www.serebii.net/pokedex-sv/cetitan/
Bergmite,https://www.serebii.net/pokedex-sv/bergmite/
Avalugg,https://www.serebii.net/pokedex-sv/avalugg/
Rufflet,https://www.serebii.net/pokedex-sv/rufflet/
Braviary,https://www.serebii.net/pokedex-sv/braviary/
Pawniard,https://www.serebii.net/pokedex-sv/pawniard/
Bisharp,https://www.serebii.net/pokedex-sv/bisharp/
Kingambit,https://www.serebii.net/pokedex-sv/kingambit/
Deino,https://www.serebii.net/pokedex-sv/deino/
Zweilous,https://www.serebii.net/pokedex-sv/zweilous/
Hydreigon,https://www.serebii.net/pokedex-sv/hydreigon/
Veluza,https://www.serebii.net/pokedex-sv/veluza/
Dondozo,https://www.serebii.net/pokedex-sv/dondozo/
Tatsugiri,https://www.serebii.net/pokedex-sv/tatsugiri/
Great Tusk,https://www.serebii.net/pokedex-sv/greattusk/
Scream Tail,https://www.serebii.net/pokedex-sv/screamtail/
Brute Bonnet,https://www.serebii.net/pokedex-sv/brutebonnet/
Flutter Mane,https://www.serebii.net/pokedex-sv/fluttermane/
Slither Wing,https://www.serebii.net/pokedex-sv/slitherwing/
Sandy Shocks,https://www.serebii.net/pokedex-sv/sandyshocks/
Iron Treads,https://www.serebii.net/pokedex-sv/irontreads/
Iron Bundle,https://www.serebii.net/pokedex-sv/ironbundle/
Iron Hands,https://www.serebii.net/pokedex-sv/ironhands/
Iron Jugulis,https://www.serebii.net/pokedex-sv/ironjugulis/
Iron Moth,https://www.serebii.net/pokedex-sv/ironmoth/
Iron Thorns,https://www.serebii.net/pokedex-sv/ironthorns/
Frigibax,https://www.serebii.net/pokedex-sv/frigibax/
Arctibax,https://www.serebii.net/pokedex-sv/arctibax/
Baxcalibur,https://www.serebii.net/pokedex-sv/baxcalibur/
Gimmighoul,https://www.serebii.net/pokedex-sv/gimmighoul/
Gholdengo,https://www.serebii.net/pokedex-sv/gholdengo/
Wo-Chien,https://www.serebii.net/pokedex-sv/wo-chien/
Chien-Pao,https://www.serebii.net/pokedex-sv/chien-pao/
Ting-Lu,https://www.serebii.net/pokedex-sv/ting-lu/
Chi-Yu,https://www.serebii.net/pokedex-sv/chi-yu/
Roaring Moon,https://www.serebii.net/pokedex-sv/roaringmoon/
Iron Valiant,https://www.serebii.net/pokedex-sv/ironvaliant/
Koraidon,https://www.serebii.net/pokedex-sv/koraidon/
Miraidon,https://www.serebii.net/pokedex-sv/miraidon/
Spinarak,https://www.serebii.net/pokedex-sv/spinarak/
Ariados,https://www.serebii.net/pokedex-sv/ariados/
Yanma,https://www.serebii.net/pokedex-sv/yanma/
Yanmega,https://www.serebii.net/pokedex-sv/yanmega/
Quagsire,https://www.serebii.net/pokedex-sv/quagsire/
Poochyena,https://www.serebii.net/pokedex-sv/poochyena/
Mightyena,https://www.serebii.net/pokedex-sv/mightyena/
Volbeat,https://www.serebii.net/pokedex-sv/volbeat/
Illumise,https://www.serebii.net/pokedex-sv/illumise/
Corphish,https://www.serebii.net/pokedex-sv/corphish/
Crawdaunt,https://www.serebii.net/pokedex-sv/crawdaunt/
Sewaddle,https://www.serebii.net/pokedex-sv/sewaddle/
Swadloon,https://www.serebii.net/pokedex-sv/swadloon/
Leavanny,https://www.serebii.net/pokedex-sv/leavanny/
Cutiefly,https://www.serebii.net/pokedex-sv/cutiefly/
Ribombee,https://www.serebii.net/pokedex-sv/ribombee/
Ekans,https://www.serebii.net/pokedex-sv/ekans/
Arbok,https://www.serebii.net/pokedex-sv/arbok/
Bellsprout,https://www.serebii.net/pokedex-sv/bellsprout/
Weepinbell,https://www.serebii.net/pokedex-sv/weepinbell/
Victreebel,https://www.serebii.net/pokedex-sv/victreebel/
Sentret,https://www.serebii.net/pokedex-sv/sentret/
Furret,https://www.serebii.net/pokedex-sv/furret/
Dipplin,https://www.serebii.net/pokedex-sv/dipplin/
Vulpix,https://www.serebii.net/pokedex-sv/vulpix/
Ninetales,https://www.serebii.net/pokedex-sv/ninetales/
Poliwag,https://www.serebii.net/pokedex-sv/poliwag/
Poliwhirl,https://www.serebii.net/pokedex-sv/poliwhirl/
Poliwrath,https://www.serebii.net/pokedex-sv/poliwrath/
Politoed,https://www.serebii.net/pokedex-sv/politoed/
Hoothoot,https://www.serebii.net/pokedex-sv/hoothoot/
Noctowl,https://www.serebii.net/pokedex-sv/noctowl/
Aipom,https://www.serebii.net/pokedex-sv/aipom/
Ambipom,https://www.serebii.net/pokedex-sv/ambipom/
Swinub,https://www.serebii.net/pokedex-sv/swinub/
Piloswine,https://www.serebii.net/pokedex-sv/piloswine/
Mamoswine,https://www.serebii.net/pokedex-sv/mamoswine/
Seedot,https://www.serebii.net/pokedex-sv/seedot/
Nuzleaf,https://www.serebii.net/pokedex-sv/nuzleaf/
Shiftry,https://www.serebii.net/pokedex-sv/shiftry/
Phantump,https://www.serebii.net/pokedex-sv/phantump/
Trevenant,https://www.serebii.net/pokedex-sv/trevenant/
Poltchageist,https://www.serebii.net/pokedex-sv/poltchageist/
Sinistcha,https://www.serebii.net/pokedex-sv/sinistcha/
Geodude,https://www.serebii.net/pokedex-sv/geodude/
Graveler,https://www.serebii.net/pokedex-sv/graveler/
Golem,https://www.serebii.net/pokedex-sv/golem/
Timburr,https://www.serebii.net/pokedex-sv/timburr/
Gurdurr,https://www.serebii.net/pokedex-sv/gurdurr/
Conkeldurr,https://www.serebii.net/pokedex-sv/conkeldurr/
Morpeko,https://www.serebii.net/pokedex-sv/morpeko/
Munchlax,https://www.serebii.net/pokedex-sv/munchlax/
Snorlax,https://www.serebii.net/pokedex-sv/snorlax/
Lotad,https://www.serebii.net/pokedex-sv/lotad/
Lombre,https://www.serebii.net/pokedex-sv/lombre/
Ludicolo,https://www.serebii.net/pokedex-sv/ludicolo/
Nosepass,https://www.serebii.net/pokedex-sv/nosepass/
Probopass,https://www.serebii.net/pokedex-sv/probopass/
Grubbin,https://www.serebii.net/pokedex-sv/grubbin/
Charjabug,https://www.serebii.net/pokedex-sv/charjabug/
Vikavolt,https://www.serebii.net/pokedex-sv/vikavolt/
Sandshrew,https://www.serebii.net/pokedex-sv/sandshrew/
Sandslash,https://www.serebii.net/pokedex-sv/sandslash/
Gligar,https://www.serebii.net/pokedex-sv/gligar/
Gliscor,https://www.serebii.net/pokedex-sv/gliscor/
Vullaby,https://www.serebii.net/pokedex-sv/vullaby/
Mandibuzz,https://www.serebii.net/pokedex-sv/mandibuzz/
Jangmo-o,https://www.serebii.net/pokedex-sv/jangmo-o/
Hakamo-o,https://www.serebii.net/pokedex-sv/hakamo-o/
Kommo-o,https://www.serebii.net/pokedex-sv/kommo-o/
Koffing,https://www.serebii.net/pokedex-sv/koffing/
Weezing,https://www.serebii.net/pokedex-sv/weezing/
Mienfoo,https://www.serebii.net/pokedex-sv/mienfoo/
Mienshao,https://www.serebii.net/pokedex-sv/mienshao/
Duskull,https://www.serebii.net/pokedex-sv/duskull/
Dusclops,https://www.serebii.net/pokedex-sv/dusclops/
Dusknoir,https://www.serebii.net/pokedex-sv/dusknoir/
Chingling,https://www.serebii.net/pokedex-sv/chingling/
Chimecho,https://www.serebii.net/pokedex-sv/chimecho/
Slugma,https://www.serebii.net/pokedex-sv/slugma/
Magcargo,https://www.serebii.net/pokedex-sv/magcargo/
Litwick,https://www.serebii.net/pokedex-sv/litwick/
Lampent,https://www.serebii.net/pokedex-sv/lampent/
Chandelure,https://www.serebii.net/pokedex-sv/chandelure/
Cleffa,https://www.serebii.net/pokedex-sv/cleffa/
Clefairy,https://www.serebii.net/pokedex-sv/clefairy/
Clefable,https://www.serebii.net/pokedex-sv/clefable/
Feebas,https://www.serebii.net/pokedex-sv/feebas/
Milotic,https://www.serebii.net/pokedex-sv/milotic/
Carbink,https://www.serebii.net/pokedex-sv/carbink/
Ducklett,https://www.serebii.net/pokedex-sv/ducklett/
Swanna,https://www.serebii.net/pokedex-sv/swanna/
Cramorant,https://www.serebii.net/pokedex-sv/cramorant/
Basculegion,https://www.serebii.net/pokedex-sv/basculegion/
Ursaluna,https://www.serebii.net/pokedex-sv/ursaluna/
Okidogi,https://www.serebii.net/pokedex-sv/okidogi/
Munkidori,https://www.serebii.net/pokedex-sv/munkidori/
Fezandipiti,https://www.serebii.net/pokedex-sv/fezandipiti/
Ogerpon,https://www.serebii.net/pokedex-sv/ogerpon/
Doduo,https://www.serebii.net/pokedex-sv/doduo/
Dodrio,https://www.serebii.net/pokedex-sv/dodrio/
Exeggcute,https://www.serebii.net/pokedex-sv/exeggcute/
Exeggutor,https://www.serebii.net/pokedex-sv/exeggutor/
Rhyhorn,https://www.serebii.net/pokedex-sv/rhyhorn/
Rhydon,https://www.serebii.net/pokedex-sv/rhydon/
Rhyperior,https://www.serebii.net/pokedex-sv/rhyperior/
Elekid,https://www.serebii.net/pokedex-sv/elekid/
Electabuzz,https://www.serebii.net/pokedex-sv/electabuzz/
Electivire,https://www.serebii.net/pokedex-sv/electivire/
Magby,https://www.serebii.net/pokedex-sv/magby/
Magmar,https://www.serebii.net/pokedex-sv/magmar/
Magmortar,https://www.serebii.net/pokedex-sv/magmortar/
Kleavor,https://www.serebii.net/pokedex-sv/kleavor/
Blitzle,https://www.serebii.net/pokedex-sv/blitzle/
Zebstrika,https://www.serebii.net/pokedex-sv/zebstrika/
Smeargle,https://www.serebii.net/pokedex-sv/smeargle/
Milcery,https://www.serebii.net/pokedex-sv/milcery/
Alcremie,https://www.serebii.net/pokedex-sv/alcremie/
Trapinch,https://www.serebii.net/pokedex-sv/trapinch/
Vibrava,https://www.serebii.net/pokedex-sv/vibrava/
Flygon,https://www.serebii.net/pokedex-sv/flygon/
Pikipek,https://www.serebii.net/pokedex-sv/pikipek/
Trumbeak,https://www.serebii.net/pokedex-sv/trumbeak/
Toucannon,https://www.serebii.net/pokedex-sv/toucannon/
Tentacool,https://www.serebii.net/pokedex-sv/tentacool/
Tentacruel,https://www.serebii.net/pokedex-sv/tentacruel/
Horsea,https://www.serebii.net/pokedex-sv/horsea/
Seadra,https://www.serebii.net/pokedex-sv/seadra/
Kingdra,https://www.serebii.net/pokedex-sv/kingdra/
Cottonee,https://www.serebii.net/pokedex-sv/cottonee/
Whimsicott,https://www.serebii.net/pokedex-sv/whimsicott/
Comfey,https://www.serebii.net/pokedex-sv/comfey/
Oddish,https://www.serebii.net/pokedex-sv/oddish/
Gloom,https://www.serebii.net/pokedex-sv/gloom/
Vileplume,https://www.serebii.net/pokedex-sv/vileplume/
Bellossom,https://www.serebii.net/pokedex-sv/bellossom/
Chinchou,https://www.serebii.net/pokedex-sv/chinchou/
Lanturn,https://www.serebii.net/pokedex-sv/lanturn/
Inkay,https://www.serebii.net/pokedex-sv/inkay/
Malamar,https://www.serebii.net/pokedex-sv/malamar/
Dewpider,https://www.serebii.net/pokedex-sv/dewpider/
Araquanid,https://www.serebii.net/pokedex-sv/araquanid/
Tyrogue,https://www.serebii.net/pokedex-sv/tyrogue/
Hitmonlee,https://www.serebii.net/pokedex-sv/hitmonlee/
Hitmonchan,https://www.serebii.net/pokedex-sv/hitmonchan/
Hitmontop,https://www.serebii.net/pokedex-sv/hitmontop/
Drilbur,https://www.serebii.net/pokedex-sv/drilbur/
Excadrill,https://www.serebii.net/pokedex-sv/excadrill/
Espurr,https://www.serebii.net/pokedex-sv/espurr/
Meowstic,https://www.serebii.net/pokedex-sv/meowstic/
Minior,https://www.serebii.net/pokedex-sv/minior/
Cranidos,https://www.serebii.net/pokedex-sv/cranidos/
Rampardos,https://www.serebii.net/pokedex-sv/rampardos/
Shieldon,https://www.serebii.net/pokedex-sv/shieldon/
Bastiodon,https://www.serebii.net/pokedex-sv/bastiodon/
Minccino,https://www.serebii.net/pokedex-sv/minccino/
Cinccino,https://www.serebii.net/pokedex-sv/cinccino/
Skarmory,https://www.serebii.net/pokedex-sv/skarmory/
Plusle,https://www.serebii.net/pokedex-sv/plusle/
Minun,https://www.serebii.net/pokedex-sv/minun/
Scraggy,https://www.serebii.net/pokedex-sv/scraggy/
Scrafty,https://www.serebii.net/pokedex-sv/scrafty/
Golett,https://www.serebii.net/pokedex-sv/golett/
Golurk,https://www.serebii.net/pokedex-sv/golurk/
Porygon,https://www.serebii.net/pokedex-sv/porygon/
Porygon2,https://www.serebii.net/pokedex-sv/porygon2/
Porygon-Z,https://www.serebii.net/pokedex-sv/porygon-z/
Joltik,https://www.serebii.net/pokedex-sv/joltik/
Galvantula,https://www.serebii.net/pokedex-sv/galvantula/
Beldum,https://www.serebii.net/pokedex-sv/beldum/
Metang,https://www.serebii.net/pokedex-sv/metang/
Metagross,https://www.serebii.net/pokedex-sv/metagross/
Seel,https://www.serebii.net/pokedex-sv/seel/
Dewgong,https://www.serebii.net/pokedex-sv/dewgong/
Lapras,https://www.serebii.net/pokedex-sv/lapras/
Overqwil,https://www.serebii.net/pokedex-sv/overqwil/
Solosis,https://www.serebii.net/pokedex-sv/solosis/
Duosion,https://www.serebii.net/pokedex-sv/duosion/
Reuniclus,https://www.serebii.net/pokedex-sv/reuniclus/
Snubbull,https://www.serebii.net/pokedex-sv/snubbull/
Granbull,https://www.serebii.net/pokedex-sv/granbull/
Duraludon,https://www.serebii.net/pokedex-sv/duraludon/
Archaludon,https://www.serebii.net/pokedex-sv/archaludon/
Hydrapple,https://www.serebii.net/pokedex-sv/hydrapple/
Bulbasaur,https://www.serebii.net/pokedex-sv/bulbasaur/
Ivysaur,https://www.serebii.net/pokedex-sv/ivysaur/
Venusaur,https://www.serebii.net/pokedex-sv/venusaur/
Charmander,https://www.serebii.net/pokedex-sv/charmander/
Charmeleon,https://www.serebii.net/pokedex-sv/charmeleon/
Charizard,https://www.serebii.net/pokedex-sv/charizard/
Squirtle,https://www.serebii.net/pokedex-sv/squirtle/
Wartortle,https://www.serebii.net/pokedex-sv/wartortle/
Blastoise,https://www.serebii.net/pokedex-sv/blastoise/
Chikorita,https://www.serebii.net/pokedex-sv/chikorita/
Bayleef,https://www.serebii.net/pokedex-sv/bayleef/
Meganium,https://www.serebii.net/pokedex-sv/meganium/
Cyndaquil,https://www.serebii.net/pokedex-sv/cyndaquil/
Quilava,https://www.serebii.net/pokedex-sv/quilava/
Typhlosion,https://www.serebii.net/pokedex-sv/typhlosion/
Totodile,https://www.serebii.net/pokedex-sv/totodile/
Croconaw,https://www.serebii.net/pokedex-sv/croconaw/
Feraligatr,https://www.serebii.net/pokedex-sv/feraligatr/
Treecko,https://www.serebii.net/pokedex-sv/treecko/
Grovyle,https://www.serebii.net/pokedex-sv/grovyle/
Sceptile,https://www.serebii.net/pokedex-sv/sceptile/
Torchic,https://www.serebii.net/pokedex-sv/torchic/
Combusken,https://www.serebii.net/pokedex-sv/combusken/
Blaziken,https://www.serebii.net/pokedex-sv/blaziken/
Mudkip,https://www.serebii.net/pokedex-sv/mudkip/
Marshtomp,https://www.serebii.net/pokedex-sv/marshtomp/
Swampert,https://www.serebii.net/pokedex-sv/swampert/
Turtwig,https://www.serebii.net/pokedex-sv/turtwig/
Grotle,https://www.serebii.net/pokedex-sv/grotle/
Torterra,https://www.serebii.net/pokedex-sv/torterra/
Chimchar,https://www.serebii.net/pokedex-sv/chimchar/
Monferno,https://www.serebii.net/pokedex-sv/monferno/
Infernape,https://www.serebii.net/pokedex-sv/infernape/
Piplup,https://www.serebii.net/pokedex-sv/piplup/
Prinplup,https://www.serebii.net/pokedex-sv/prinplup/
Empoleon,https://www.serebii.net/pokedex-sv/empoleon/
Snivy,https://www.serebii.net/pokedex-sv/snivy/
Servine,https://www.serebii.net/pokedex-sv/servine/
Serperior,https://www.serebii.net/pokedex-sv/serperior/
Tepig,https://www.serebii.net/pokedex-sv/tepig/
Pignite,https://www.serebii.net/pokedex-sv/pignite/
Emboar,https://www.serebii.net/pokedex-sv/emboar/
Oshawott,https://www.serebii.net/pokedex-sv/oshawott/
Dewott,https://www.serebii.net/pokedex-sv/dewott/
Samurott,https://www.serebii.net/pokedex-sv/samurott/
Chespin,https://www.serebii.net/pokedex-sv/chespin/
Quilladin,https://www.serebii.net/pokedex-sv/quilladin/
Chesnaught,https://www.serebii.net/pokedex-sv/chesnaught/
Fennekin,https://www.serebii.net/pokedex-sv/fennekin/
Braixen,https://www.serebii.net/pokedex-sv/braixen/
Delphox,https://www.serebii.net/pokedex-sv/delphox/
Froakie,https://www.serebii.net/pokedex-sv/froakie/
Frogadier,https://www.serebii.net/pokedex-sv/frogadier/
Greninja,https://www.serebii.net/pokedex-sv/greninja/
Rowlet,https://www.serebii.net/pokedex-sv/rowlet/
Dartrix,https://www.serebii.net/pokedex-sv/dartrix/
Decidueye,https://www.serebii.net/pokedex-sv/decidueye/
Litten,https://www.serebii.net/pokedex-sv/litten/
Torracat,https://www.serebii.net/pokedex-sv/torracat/
Incineroar,https://www.serebii.net/pokedex-sv/incineroar/
Popplio,https://www.serebii.net/pokedex-sv/popplio/
Brionne,https://www.serebii.net/pokedex-sv/brionne/
Primarina,https://www.serebii.net/pokedex-sv/primarina/
Grookey,https://www.serebii.net/pokedex-sv/grookey/
Thwackey,https://www.serebii.net/pokedex-sv/thwackey/
Rillaboom,https://www.serebii.net/pokedex-sv/rillaboom/
Scorbunny,https://www.serebii.net/pokedex-sv/scorbunny/
Raboot,https://www.serebii.net/pokedex-sv/raboot/
Cinderace,https://www.serebii.net/pokedex-sv/cinderace/
Sobble,https://www.serebii.net/pokedex-sv/sobble/
Drizzile,https://www.serebii.net/pokedex-sv/drizzile/
Inteleon,https://www.serebii.net/pokedex-sv/inteleon/
Gouging Fire,https://www.serebii.net/pokedex-sv/gougingfire/
Raging Bolt,https://www.serebii.net/pokedex-sv/ragingbolt/
Iron Crown,https://www.serebii.net/pokedex-sv/ironcrown/
Iron Boulder,https://www.serebii.net/pokedex-sv/ironboulder/
Terapagos,https://www.serebii.net/pokedex-sv/terapagos/
Walking Wake,https://www.serebii.net/pokedex-sv/walkingwake/
Iron Leaves,https://www.serebii.net/pokedex-sv/ironleaves/
Pecharunt,https://www.serebii.net/pokedex-sv/pecharunt/
